Date,Farm,ALW,Dressing_Volume_hds,Dressing Volume (KG),Dressing Volume (HDS),Dressing Volume (KG),Carcass Yield (77.49%),Invoice Yield (74%),By-Product Recovery (%),FCA SMALL (HDS),FCA SMALL (KG),FCA SMALL (%),FCA PRIME (HDS),FCA PRIME (KG),FCAPRIME (%),FCA REG (HDS),FCA REG (KG),FCA REG (%),FCA BIGTIME (HDS),FCA BIGTIME (KG),FCA BIGTIME (%),FCA SUPERSIZE (HDS),FCA SUPERSIZE (KG),FCA SUPERSIZE (%),FCA1 (HDS),FCA1 (KG),FCA1 (%),FCA2 (HDS),FCA2 (KG),FCA2 (%),FCA BIG (HDS),FCA BIG (KG),FCA BIG (%),FCA X (HDS),FCA X (KG),FCA X (%),FCB (HDS),FCB (KG),FCB (%),FCC (HDS),FCC (KG),FCC (%)
1-Jan-24,,#DIV/0!,,,-,-,,,,,,,-,-,,,,,,,,,,,,,,,,,,,,,,,,,,,,
2-Jan-24,Farm 1,1.56,"2,800","4,369.95","2,747","3,383.09",77.54%,78.10%,13.51%,79,59.42,2.88%,"1,268","1,429.26",46.16%,85,72.38,3.09%,87,81.31,3.17%,136,137.02,4.95%,398,446.77,14.49%,562,691.78,20.46%,570,767,20.75%,473,721,17.22%,333,385,12.12%,24,21,0.87%
3-Jan-24,Farm 1,1.50,"22,677","33,999.15","22,417","26,843.56",79.00%,78.84%,13.59%,517,390.64,2.31%,"12,567","13,922.90",56.06%,"1,008",864.03,4.50%,802,743.04,3.58%,"2,389","2,404.59",10.66%,"4,037","4,473.53",18.01%,"4,331","5,437.71",19.32%,"4,152","5,519",18.52%,"2,802","4,231",12.50%,"2,213","2,615",9.87%,166,165,0.74%
4-Jan-24,Farm 1,1.49,"7,855","11,667.70","7,818","9,497.27",81.44%,81.55%,13.48%,104,78.93,1.33%,"4,424","4,922.37",56.59%,252,217.31,3.22%,234,217.3,2.99%,766,773.74,9.80%,"1,526","1,701.99",19.52%,"1,646","2,012.03",21.05%,"1,500","2,003",19.19%,"1,057","1,600",13.52%,699,857,8.94%,34,36,0.43%
5-Jan-24,Farm 1,1.54,"14,649","22,496.65","14,364","18,337.76",81.54%,82.29%,13.21%,528,398.9,3.68%,"5,118","5,595.24",35.63%,650,560.23,4.53%,393,368.3,2.74%,780,788.67,5.43%,"1,394","1,555.58",9.70%,"1,901","2,322.46",13.23%,"3,012","4,031",20.97%,"4,102","6,316",28.56%,"1,490","1,878",10.37%,114,118,0.79%
6-Jan-24,,#DIV/0!,,,-,-,,,,,,,-,-,,,,,,,,,,,,,,,,,,,,,,,,,,,,
7-Jan-24,Farm 2,1.44,"17,103","24,635.95","16,852","20,045.54",81.53%,81.94%,14.95%,540,406.15,3.20%,"8,327","8,895.50",49.41%,"1,103",944.84,6.55%,764,711.06,4.53%,"1,882","1,899.38",11.17%,"2,134","2,362.96",12.66%,"2,444","2,977.26",14.50%,"2,515","3,355",14.92%,"2,500","3,835",14.84%,"2,806","3,381",16.65%,164,173,0.97%
8-Jan-24,Farm 2,1.45,"17,061","24,750.80","16,619","19,187.23",77.86%,78.41%,14.84%,786,593.73,4.73%,"9,279","9,774.23",55.83%,"1,475","1,263.17",8.88%,984,916.97,5.92%,"2,179","2,203.99",13.11%,"2,457","2,734.91",14.78%,"2,184","2,655.19",13.14%,"2,250","2,996",13.54%,"2,391","3,693",14.39%,"1,835","2,057",11.04%,78,73,0.47%
9-Jan-24,Farm 2,1.50,"16,993","25,426.00","16,389","19,814.55",78.93%,78.89%,14.96%,715,541.42,4.36%,"7,790","8,307.81",47.53%,"1,144",981.99,6.98%,780,726.83,4.76%,"1,644","1,665.67",10.03%,"2,152","2,404.60",13.13%,"2,070","2,528.72",12.63%,"2,530","3,381",15.44%,"3,283","5,141",20.03%,"1,911","2,283",11.66%,160,161,0.98%
10-Jan-24,Farm 2,1.40,"22,683","31,845.60","22,565","24,218.20",76.09%,75.83%,14.09%,"1,043.00",801.53,4.62%,"16,891","17,631.56",74.85%,"2,895","2,503.87",12.83%,"2,080","1,950.36",9.22%,"4,363","4,420.16",19.34%,"4,371","4,872.79",19.37%,"3,182","3,884.38",14.10%,"2,140","2,837",9.48%,383,557,1.70%,"2,051","2,336",9.09%,57,54,0.25%
11-Jan-24,Farm 2,1.37,"15,029","20,638.15","14,990","15,961.67",77.40%,77.76%,14.35%,355,272.51,2.37%,"12,669","13,354.94",84.52%,"1,506","1,305.55",10.05%,"1,606","1,505.89",10.71%,"3,585","3,693.58",23.92%,"3,990","4,439.43",26.62%,"1,982","2,410.49",13.22%,771,"1,023",5.14%,109,158,0.73%,"1,033","1,104",6.89%,53,50,0.35%
12-Jan-24,,#DIV/0!,,,-,-,,,,,,,-,-,,,,,,,,,,,,,,,,,,,,,,,,,,,,
13-Jan-24,,#DIV/0!,,,-,-,,,,,,,-,-,,,,,,,,,,,,,,,,,,,,,,,,,,,,
14-Jan-24,,#DIV/0!,,,-,-,,,,,,,-,-,,,,,,,,,,,,,,,,,,,,,,,,,,,,
15-Jan-24,Farm 3,1.43,"29,873","42,804.65","29,734","32,678.14",76.37%,76.58%,13.82%,813,622.87,2.73%,"21,972","23,442.13",73.90%,"2,695","2,317.19",9.06%,"2,246","2,098.31",7.55%,"4,929","4,984.17",16.58%,"6,654","7,399.23",22.38%,"5,448","6,643.23",18.32%,"3,716","4,843",12.50%,720,"1,055",2.42%,"2,319","2,531",7.80%,194,184,0.65%
16-Jan-24,Farm 3,1.37,"20,686","28,265.10","20,532","21,432.73",75.91%,76.23%,13.57%,916,702.85,4.46%,"15,959","16,333.42",77.73%,"3,018","2,603.21",14.70%,"2,382","2,222.76",11.60%,"4,442","4,473.38",21.63%,"3,830","4,250.72",18.65%,"2,287","2,783.35",11.14%,"1,524","2,030",7.42%,495,730,2.41%,"1,440","1,452",7.01%,198,184,0.96%
17-Jan-24,Farm 3,1.08,"15,369","16,542.10","12,239","10,341.57",65.01%,73.87%,15.20%,"3,660.00","2,756.48",29.90%,"7,021","6,397.19",57.37%,"3,768","3,202.28",30.79%,"1,475","1,367.01",12.05%,"1,398","1,401.52",11.42%,294,324.08,2.40%,86,102.3,0.70%,-,-,0.00%,5,8,0.04%,"1,299","1,005",10.61%,254,175,2.08%
18-Jan-24,Farm 3,1.51,"15,271","23,092.30","15,236","18,898.53",81.90%,81.92%,12.59%,77,59.89,0.51%,"8,382","9,678.35",55.01%,207,179.4,1.36%,167,156.29,1.10%,724,736.45,4.75%,"3,211","3,605.81",21.08%,"4,073","5,000.40",26.73%,"3,749","5,013",24.61%,"1,854","2,760",12.17%,"1,050","1,264",6.89%,124,124,0.81%
19-Jan-24,,#DIV/0!,,,-,-,,,,,,,-,-,,,,,,,,,,,,,,,,,,,,,,,,,,,,
20-Jan-24,,#DIV/0!,,,-,-,,,,,,,-,-,,,,,,,,,,,,,,,,,,,,,,,,,,,,
21-Jan-24,,#DIV/0!,,,-,-,,,,,,,-,-,,,,,,,,,,,,,,,,,,,,,,,,,,,,
22-Jan-24,Farm 3,1.57,"27,226","42,840.60","27,071","35,323.78",82.67%,82.75%,13.02%,170,128.5,0.63%,"9,211","10,489.83",34.03%,437,377.25,1.61%,335,311.45,1.24%,"1,198","1,207.05",4.43%,"2,889","3,249.45",10.67%,"4,352","5,344.63",16.08%,"6,987","9,351",25.81%,"7,275","11,103",26.87%,"3,263","4,071",12.05%,165,181,0.61%
23-Jan-24,Farm 3,1.56,"18,556","28,858.95","18,543","24,412.92",84.65%,84.67%,13.26%,56,41.84,0.30%,"6,408","7,374.92",34.56%,165,140.82,0.89%,181,168.05,0.98%,685,694.2,3.69%,"1,990","2,227.22",10.73%,"3,387","4,144.63",18.27%,"4,910","6,573",26.48%,"5,226","7,975",28.18%,"1,812","2,304",9.77%,131,145,0.71%
24-Jan-24,,#DIV/0!,,,-,-,,,,,,,-,-,,,,,,,,,,,,,,,,,,,,,,,,,,,,
25-Jan-24,,#DIV/0!,,,-,-,,,,,,,-,-,,,,,,,,,,,,,,,,,,,,,,,,,,,,
26-Jan-24,,#DIV/0!,,,-,-,,,,,,,-,-,,,,,,,,,,,,,,,,,,,,,,,,,,,,
27-Jan-24,Farm 4,1.49,"26,400","39,356.20","26,327","32,317.96",82.22%,82.26%,13.12%,148,111.35,0.56%,"14,855","16,936.54",56.42%,407,350.18,1.55%,495,461.2,1.88%,"2,064","2,098.27",7.84%,"5,424","6,092.92",20.60%,"6,465","7,933.97",24.56%,"6,228","8,349",23.66%,"3,057","4,543",11.61%,"1,784","2,102",6.78%,255,277,0.97%
28-Jan-24,Farm 4,1.44,"6,029","8,709.20","6,009","7,030.38",80.76%,80.82%,12.99%,43,32.82,0.72%,"4,027","4,527.50",67.02%,125,107.44,2.08%,150,139.48,2.50%,703,714.82,11.70%,"1,560","1,745.80",25.96%,"1,489","1,819.96",24.78%,902,"1,207",15.01%,257,378,4.28%,771,876,12.83%,9,9,0.15%
29-Jan-24,Farm 4,1.44,"16,261","23,491.35","16,084","18,301.65",78.05%,78.44%,13.52%,520,493.4,3.23%,"9,754","10,515.07",60.64%,"1,080",927.3,6.71%,884,822.45,5.50%,"2,130","2,156.90",13.24%,"2,947","3,293.85",18.32%,"2,713","3,314.57",16.87%,"2,263","3,014",14.07%,"1,184","1,768",7.36%,"2,238","2,389",13.91%,125,122,0.78%
30-Jan-24,,#DIV/0!,,,-,-,,,,,,,-,-,,,,,,,,,,,,,,,,,,,,,,,,,,,,
31-Jan-24,,#DIV/0!,,,-,-,,,,,,,-,-,,,,,,,,,,,,,,,,,,,,,,,,,,,,
1-Feb-24,Farm 4,1.58,"12,016","18,960.86","11,983","14,562.90",77.89%,78.08%,11.95%,45,33.24,0.38%,"6,775","7,684.78",56.54%,229,197.04,1.91%,132,121.04,1.10%,"1,155","1,164.00",9.64%,"2,731","3,080.62",22.79%,"2,528","3,122.08",21.10%,"2,224","2,979",18.56%,"1,426","2,112",11.90%,"1,343","1,562",11.21%,170,192,1.42%
2-Feb-24,Farm 4,1.57,"12,060","18,938.60","11,982","14,477.18",78.02%,78.53%,13.02%,131,98.56,1.09%,"6,625","7,242.32",55.29%,476,408.38,3.97%,442,410.66,3.69%,"1,430","1,441.29",11.93%,"2,234","2,485.09",18.64%,"2,043","2,496.90",17.05%,"1,925","2,575",16.07%,"2,018","3,058",16.84%,"1,128","1,330",9.41%,155,174,1.29%
3-Feb-24,Farm 4,1.48,"12,060","17,884.35","11,717","12,503.20",74.11%,74.98%,13.60%,610,463.35,5.21%,"7,603","7,961.80",64.89%,"1,174","1,006.40",10.02%,917,854.67,7.83%,"1,872","1,891.60",15.98%,"2,153","2,391.60",18.38%,"1,487","1,817.53",12.69%,"1,075","1,434",9.17%,"1,026","1,572",8.76%,"1,009","1,073",8.61%,394,,410.50%
4-Feb-24,,#DIV/0!,,,-,-,,,,,,,-,-,,,,,,,,,,,,,,,,,,,,,,,,,,,,
5-Feb-24,Farm 4,1.48,"15,064","22,361.61","14,790","16,406.75",75.11%,75.84%,13.96%,682,518.06,4.61%,"9,592","10,044.10",64.85%,"1,371","1,167.64",9.27%,"1,324","1,234.69",8.95%,"2,423","2,457.28",16.38%,"2,442","2,713.00",16.51%,"2,032","2,471.49",13.74%,"1,641","2,171",11.10%,"1,289","1,945",8.72%,877,970,5.93%,709,758,4.79%
6-Feb-24,,#DIV/0!,,,-,-,,,,,,,-,-,,,,,,,,,,,,,,,,,,,,,,,,,,,,
7-Feb-24,Farm 5,1.50,"15,154","22,655.79","15,126","16,483.64",76.47%,76.51%,13.54%,104,79.36,0.69%,"12,612","13,511.54",83.38%,740,640.68,4.89%,971,904.38,6.42%,"3,608","3,641.30",23.85%,"4,619","5,099.74",30.54%,"2,674","3,225.44",17.68%,"1,062","1,396",7.02%,176,259,1.16%,730,782,4.83%,442,455,2.92%
8-Feb-24,Farm 5,1.51,"15,064","22,743.66","14,928","16,488.72",76.75%,77.03%,13.58%,408,309.69,2.73%,"11,336","12,074.10",75.94%,"1,166","1,001.35",7.81%,"1,212","1,126.80",8.12%,"2,707","2,727.75",18.13%,"3,546","3,932.25",23.75%,"2,705","3,285.95",18.12%,"1,679","2,228",11.25%,595,881,3.99%,673,742,4.51%,237,255,1.59%
9-Feb-24,Farm 5,1.50,"15,064","22,586.09","14,992","16,794.02",76.81%,77.04%,13.34%,200,152.25,1.33%,"11,599","12,616.77",77.37%,745,643.15,4.97%,863,803.77,5.76%,"2,798","2,839.05",18.66%,"4,056","4,512.10",27.05%,"3,137","3,818.70",20.92%,"1,606","2,134",10.71%,431,636,2.87%,591,651,3.94%,565,605,3.77%
10-Feb-24,,#DIV/0!,,,-,-,,,,,,,-,-,,,,,,,,,,,,,,,,,,,,,,,,,,,,
11-Feb-24,Farm 5,1.54,"15,144","23,313.31","15,112","18,600.50",78.53%,78.56%,12.57%,42,31.55,0.28%,"8,303","9,435.75",54.94%,181,154.95,1.20%,263,244.35,1.74%,"1,221","1,238.50",8.08%,"2,909","3,242.20",19.25%,"3,729","4,555.75",24.68%,"3,426","4,575",22.67%,"1,912","2,847",12.65%,"1,107","1,334",7.33%,322,377,2.13%
12-Feb-24,Farm 5,1.56,"15,064","23,529.67","14,915","16,961.56",75.31%,75.58%,13.65%,280,210.9,1.88%,"9,976","10,629.56",66.89%,871,748.7,5.84%,922,857.2,6.18%,"2,452","2,386.80",16.44%,"3,213","3,565.61",21.54%,"2,518","3,071.25",16.88%,"1,909","2,548",12.80%,"1,326","2,013",8.89%,824,922,5.52%,600,638,4.02%
13-Feb-24,,#DIV/0!,,,-,-,,,,,,,-,-,,,,,,,,,,,,,,,,,,,,,,,,,,,,
14-Feb-24,,#DIV/0!,,,-,-,,,,,,,-,-,,,,,,,,,,,,,,,,,,,,,,,,,,,,
15-Feb-24,,#DIV/0!,,,-,-,,,,,,,-,-,,,,,,,,,,,,,,,,,,,,,,,,,,,,
16-Feb-24,,#DIV/0!,,,-,-,,,,,,,-,-,,,,,,,,,,,,,,,,,,,,,,,,,,,,
17-Feb-24,,#DIV/0!,,,-,-,,,,,,,-,-,,,,,,,,,,,,,,,,,,,,,,,,,,,,
18-Feb-24,,#DIV/0!,,,-,-,,,,,,,-,-,,,,,,,,,,,,,,,,,,,,,,,,,,,,
19-Feb-24,Farm 1,1.42,"25,229","35,942.85","24,629","27,010.88",75.20%,76.22%,13.78%,"1,364.00","1,031.56",5.54%,"16,975","17,874.42",68.92%,"2,386","2,039.23",9.69%,"1,968","1,833.04",7.99%,"4,248","4,295.55",17.25%,"4,954","5,528.60",20.11%,"3,419","4,178.00",13.88%,"2,806","3,741",11.39%,"1,567","2,373",6.36%,"1,580","1,653",6.42%,337,337,1.37%
20-Feb-24,Farm 1,1.49,"20,183","30,062.58","19,947","22,856.26",76.07%,76.46%,13.00%,660,497.5,3.31%,"13,535","14,555.33",67.85%,"1,437","1,224.95",7.20%,"1,260","1,173.88",6.32%,"3,037","3,070.10",15.23%,"4,158","4,632.55",20.85%,"3,643","4,453.85",18.26%,"2,822","3,795",14.15%,"1,789","2,700",8.97%,744,867,3.73%,397,441,1.99%
21-Feb-24,Farm 1,1.55,"19,081","29,554.75","18,488","22,946.55",77.65%,78.72%,13.17%,928,693.1,5.02%,"7,680","8,321.80",41.54%,"1,125",953.95,6.09%,620,574.5,3.35%,"1,321","1,328.80",7.15%,"2,100","2,358.75",11.36%,"2,514","3,105.80",13.60%,"3,447","4,637",18.64%,"4,926","7,554",26.64%,916,"1,087",4.95%,591,653,3.20%
22-Feb-24,,#DIV/0!,,,-,-,,,,,,,-,-,,,,,,,,,,,,,,,,,,,,,,,,,,,,
23-Feb-24,,#DIV/0!,,,-,-,,,,,,,-,-,,,,,,,,,,,,,,,,,,,,,,,,,,,,
24-Feb-24,,#DIV/0!,,,-,-,,,,,,,-,-,,,,,,,,,,,,,,,,,,,,,,,,,,,,
25-Feb-24,,#DIV/0!,,,-,-,,,,,,,-,-,,,,,,,,,,,,,,,,,,,,,,,,,,,,
26-Feb-24,,#DIV/0!,,,-,-,,,,,,,-,-,,,,,,,,,,,,,,,,,,,,,,,,,,,,
27-Feb-24,Farm 2,1.54,"20,189","31,022.70","20,186","24,060.04",77.57%,77.61%,13.54%,32,23.95,0.16%,"14,108","15,882.59",69.89%,251,216.7,1.24%,549,511.4,2.72%,"2,509","2,545.95",12.43%,"5,446","6,069.64",26.98%,"5,353","6,538.90",26.52%,"3,814","5,089",18.89%,"1,432","2,119",7.09%,590,699,2.92%,210,247,1.04%
28-Feb-24,,#DIV/0!,,,-,-,,,,,,,-,-,,,,,,,,,,,,,,,,,,,,,,,,,,,,
29-Feb-24,Farm 2,1.71,"12,060","20,635.30","11,956","14,674.30",75.62%,75.78%,13.70%,196,147.55,1.64%,"6,347","6,898.45",53.09%,598,511.2,5.00%,526,486.9,4.40%,"1,252","1,262.20",10.47%,"1,940","2,155.30",16.23%,"2,031","2,482.85",16.99%,"2,069","2,766",17.31%,"2,655","4,000",22.21%,478,612,4.00%,211,251,1.76%
1-Mar-24,Farm 2,1.55,"12,346","19,139.25","12,344","14,552.26",76.07%,76.07%,14.14%,38,28.5,0.31%,"9,179","10,316.79",74.36%,249,303.65,2.02%,429,398.2,3.48%,"1,824","1,844.99",14.78%,"3,729","4,158.55",30.21%,"2,948","3,611.40",23.88%,"1,636","2,185",13.25%,881,"1,318",7.14%,438,509,3.55%,172,195,1.39%
2-Mar-24,Farm 2,1.46,"8,711","12,740.55","8,696","9,665.39",75.94%,75.97%,14.49%,76,58.05,0.87%,"6,915","7,395.29",79.52%,460,395.4,5.29%,671,622.99,7.72%,"2,019","2,040.40",23.22%,"2,177","2,416.70",25.03%,"1,588","1,919.80",18.26%,971,"1,284",11.17%,299,443,3.44%,300,339,3.45%,135,146,1.55%
3-Mar-24,,#DIV/0!,,,-,-,,,,,,,-,-,,,,,,,,,,,,,,,,,,,,,,,,,,,,
4-Mar-24,Farm 2,1.37,"14,366","19,744.60","14,260","14,928.48",75.80%,76.08%,15.02%,529,400.45,3.71%,"11,807","12,139.47",82.80%,"1,826","1,566.05",12.81%,"1,674","1,556.95",11.74%,"3,563","3,591.97",24.99%,"3,218","3,570.00",22.57%,"1,526","1,854.50",10.70%,677,902,4.75%,395,607,2.77%,526,568,3.69%,326,312,2.29%
5-Mar-24,Farm 2,1.23,"16,122","19,793.25","15,736","14,851.02",75.24%,76.44%,15.56%,"1,706.00","1,285.35",10.84%,"13,058","12,593.57",82.98%,"3,930","3,334.55",24.97%,"2,523","2,328.30",16.03%,"3,724","3,710.64",23.67%,"2,325","2,548.60",14.78%,556,671.48,3.53%,160,210,1.02%,51,73,0.32%,441,408,2.80%,320,281,2.03%
6-Mar-24,Farm 2,1.10,"17,224","18,973.45","14,633","12,395.72",65.48%,74.09%,16.31%,"4,932.00","3,688.30",33.70%,"8,706","7,919.37",59.50%,"4,641","3,914.60",31.72%,"1,787","1,646.80",12.21%,"1,485","1,474.95",10.15%,649,710.22,4.44%,144,172.8,0.98%,21,28,0.14%,4,6,0.03%,487,384,3.33%,483,371,3.30%
7-Mar-24,,#DIV/0!,,,-,-,,,,,,,-,-,,,,,,,,,,,,,,,,,,,,,,,,,,,,
8-Mar-24,,#DIV/0!,,,-,-,,,,,,,-,-,,,,,,,,,,,,,,,,,,,,,,,,,,,,
9-Mar-24,,#DIV/0!,,,-,-,,,,,,,-,-,,,,,,,,,,,,,,,,,,,,,,,,,,,,
10-Mar-24,,#DIV/0!,,,-,-,,,,,,,-,-,,,,,,,,,,,,,,,,,,,,,,,,,,,,
11-Mar-24,Farm 3,1.58,"12,220","19,323.39","12,059","15,202.60",79.56%,79.63%,12.69%,54,40.4,0.45%,"6,132","7,077.90",50.85%,119,100.85,0.99%,146,135.15,1.21%,609,616.6,5.05%,"2,012","2,249.60",16.68%,"3,246","3,975.70",26.92%,"3,232","4,342",26.80%,"2,000","2,960",16.59%,465,576,3.86%,176,206,1.46%
12-Mar-24,,#DIV/0!,,,-,-,,,,,,,-,-,,,,,,,,,,,,,,,,,,,,,,,,,,,,
13-Mar-24,Farm 3,1.72,"5,048","8,676.45","5,040","6,703.85",77.61%,77.67%,13.14%,22,16.85,0.44%,"1,646","1,927.70",32.66%,42,35.8,0.83%,38,35.15,0.75%,124,125.95,2.46%,467,526.85,9.27%,975,"1,203.95",19.35%,"1,516","2,044",30.08%,"1,491","2,253",29.58%,205,264,4.07%,160,199,3.17%
14-Mar-24,,#DIV/0!,,,-,-,,,,,,,-,-,,,,,,,,,,,,,,,,,,,,,,,,,,,,
15-Mar-24,Farm 3,1.47,"24,839","36,572.40","24,760","28,920.53",79.21%,79.28%,13.43%,155,116.7,0.63%,"18,197","20,313.98",73.49%,620,532.3,2.50%,899,837.03,3.63%,"3,475","3,524.10",14.03%,"6,614","7,363.15",26.71%,"6,589","8,057.40",26.61%,"4,520","6,015",18.26%,"1,011","1,477",4.08%,459,522,1.85%,418,476,1.69%
16-Mar-24,Farm 3,1.42,"5,954","8,481.90","5,913","6,573.06",78.00%,78.19%,14.57%,83,62.7,1.40%,"4,803","5,174.65",81.23%,343,293.5,5.80%,399,370.3,6.75%,"1,198","1,210.40",20.26%,"1,678","1,859.55",28.38%,"1,185","1,440.90",20.04%,673,894,11.38%,154,226,2.60%,146,160,2.47%,54,56,0.91%
17-Mar-24,,#DIV/0!,,,-,-,,,,,,,-,-,,,,,,,,,,,,,,,,,,,,,,,,,,,,
18-Mar-24,Farm 3,1.59,"1,660","2,636.85","1,663","2,170.69",82.32%,82.31%,13.70%,19,14.2,1.14%,641,742.65,38.54%,33,28.05,1.98%,23,21.25,1.38%,52,52.9,3.13%,178,201.5,10.70%,355,438.95,21.35%,472,638,28.38%,434,650,26.10%,69,91,4.15%,28,35,1.68%
19-Mar-24,,#DIV/0!,,,-,-,,,,,,,-,-,,,,,,,,,,,,,,,,,,,,,,,,,,,,
20-Mar-24,,#DIV/0!,,,-,-,,,,,,,-,-,,,,,,,,,,,,,,,,,,,,,,,,,,,,
21-Mar-24,,#DIV/0!,,,-,-,,,,,,,-,-,,,,,,,,,,,,,,,,,,,,,,,,,,,,
22-Mar-24,,#DIV/0!,,,-,-,,,,,,,-,-,,,,,,,,,,,,,,,,,,,,,,,,,,,,
23-Mar-24,Farm 3,1.44,"2,797","4,032.80","2,790","3,009.25",74.65%,74.65%,13.29%,22,16.8,0.79%,"2,524","2,685.75",90.47%,195,169.4,6.99%,238,222.1,8.53%,753,760.5,26.99%,854,945.55,30.61%,484,588.2,17.35%,140,186,5.02%,15,22,0.54%,81,90,2.90%,8,9,0.29%
24-Mar-24,,#DIV/0!,,,-,-,,,,,,,-,-,,,,,,,,,,,,,,,,,,,,,,,,,,,,
25-Mar-24,Farm 3,1.35,"5,616","7,585.90","5,537","5,660.50",74.83%,75.45%,14.76%,309,235.95,5.58%,"4,731","4,833.55",85.44%,885,759.2,15.98%,672,627.5,12.14%,"1,405","1,419.05",25.37%,"1,247","1,389.05",22.52%,522,638.75,9.43%,236,313,4.26%,41,60,0.74%,193,193,3.49%,27,25,0.49%
26-Mar-24,,#DIV/0!,,,-,-,,,,,,,-,-,,,,,,,,,,,,,,,,,,,,,,,,,,,,
27-Mar-24,,#DIV/0!,,,-,-,,,,,,,-,-,,,,,,,,,,,,,,,,,,,,,,,,,,,,
28-Mar-24,,#DIV/0!,,,-,-,,,,,,,-,-,,,,,,,,,,,,,,,,,,,,,,,,,,,,
29-Mar-24,,#DIV/0!,,,-,-,,,,,,,-,-,,,,,,,,,,,,,,,,,,,,,,,,,,,,
30-Mar-24,,#DIV/0!,,,-,-,,,,,,,-,-,,,,,,,,,,,,,,,,,,,,,,,,,,,,
31-Mar-24,,#DIV/0!,,,-,-,,,,,,,-,-,,,,,,,,,,,,,,,,,,,,,,,,,,,,
1-Apr-24,Farm 4,1.28,"13,318","17,047.75","12,516","12,369.10",72.84%,75.61%,14.54%,"1,708.00","1,294.35",13.65%,"9,441","9,429.29",75.43%,"2,386","2,035.55",19.06%,"1,536","1,427.54",12.27%,"2,509","2,533.05",20.05%,"1,942","2,145.00",15.52%,"1,068","1,288.15",8.53%,548,722,4.38%,274,413,2.19%,483,459,3.86%,62,51,0.50%
2-Apr-24,Farm 4,1.43,"2,518","3,599.35","2,499","2,752.02",76.54%,76.80%,13.06%,87,66.65,3.48%,"1,990","2,125.27",79.63%,239,206.2,9.56%,226,211.87,9.04%,509,519.35,20.37%,536,600.3,21.45%,480,587.55,19.21%,284,381,11.36%,72,106,2.88%,59,66,2.36%,7,7,0.28%
3-Apr-24,,#DIV/0!,,,-,-,,,,,,,-,-,,,,,,,,,,,,,,,,,,,,,,,,,,,,
4-Apr-24,Farm 4,1.51,"19,354","29,278.65","19,102","22,058.17",75.53%,75.56%,13.79%,712,540.12,3.73%,"12,372","13,207.55",64.77%,"1,598","1,364.15",8.37%,"1,164","1,082.45",6.09%,"2,791","2,813.50",14.61%,"3,352","3,719.10",17.55%,"3,467","4,228.35",18.15%,"2,835","3,797",14.84%,"2,293","3,480",12.00%,802,941,4.20%,88,92,0.46%
5-Apr-24,Farm 4,1.41,"13,300","18,789.85","12,857","14,786.10",78.74%,80.00%,13.41%,891,670.75,6.93%,"7,282","7,677.85",56.64%,"1,476","1,256.75",11.48%,750,696.75,5.83%,"1,432","1,450.00",11.14%,"1,568","1,755.85",12.20%,"2,056","2,518.50",15.99%,"2,157","2,892",16.78%,"1,918","2,916",14.92%,450,476,3.50%,159,154,1.24%
6-Apr-24,,#DIV/0!,,,-,-,,,,,,,-,-,,,,,,,,,,,,,,,,,,,,,,,,,,,,
7-Apr-24,,#DIV/0!,,,-,-,,,,,,,-,-,,,,,,,,,,,,,,,,,,,,,,,,,,,,
8-Apr-24,,#DIV/0!,,,-,-,,,,,,,-,-,,,,,,,,,,,,,,,,,,,,,,,,,,,,
9-Apr-24,,#DIV/0!,,,-,-,,,,,,,-,-,,,,,,,,,,,,,,,,,,,,,,,,,,,,
10-Apr-24,Farm 5,1.66,"6,311","10,461.15","6,108","7,878.66",75.40%,76.60%,12.82%,306,229.6,5.01%,"2,110","2,249.60",34.54%,335,282.7,5.48%,185,170.9,3.03%,420,423.1,6.88%,491,545.9,8.04%,679,827,11.12%,"1,116","1,490",18.27%,"2,207","3,457",36.13%,347,431,5.68%,22,23,0.36%
11-Apr-24,Farm 5,1.57,"10,001","15,745.10","9,714","12,260.55",77.88%,79.04%,13.08%,321,239.7,3.30%,"4,143","4,690.70",42.65%,271,230.4,2.79%,180,167.45,1.85%,549,558.1,5.65%,"1,131","1,267.85",11.64%,"2,012","2,466.90",20.71%,"2,625","3,522",27.02%,"2,111","3,214",21.73%,491,573,5.05%,23,21,0.24%
12-Apr-24,Farm 5,1.45,"12,529","18,146.60","11,989","13,912.29",76.70%,78.44%,13.47%,496,371.05,4.14%,"7,584","8,241.54",63.26%,773,656.7,6.45%,554,515.59,4.62%,"1,560","1,568.95",13.01%,"2,262","2,521.70",18.87%,"2,435","2,978.60",20.31%,"2,090","2,800",17.43%,"1,215","1,839",10.13%,572,631,4.77%,32,30,0.27%
13-Apr-24,,#DIV/0!,,,-,-,,,,,,,-,-,,,,,,,,,,,,,,,,,,,,,,,,,,,,
14-Apr-24,,#DIV/0!,,,-,-,,,,,,,-,-,,,,,,,,,,,,,,,,,,,,,,,,,,,,
15-Apr-24,Farm 5,1.52,"13,068","19,875.00","13,063","16,144.63",81.25%,81.29%,12.68%,3,2.4,0.02%,"8,275","9,647.98",63.35%,30,25.9,0.23%,100,93.7,0.77%,745,759.35,5.70%,"3,152","3,545.45",24.13%,"4,248","5,223.58",32.52%,"3,203","4,291",24.52%,"1,094","1,612",8.37%,475,577,3.64%,13,15,0.10%
16-Apr-24,,#DIV/0!,,,-,-,,,,,,,-,-,,,,,,,,,,,,,,,,,,,,,,,,,,,,
17-Apr-24,Farm 5,1.51,"7,309","11,030.45","7,276","8,974.95",81.40%,82.42%,12.69%,74,55.55,1.02%,"4,191","4,811.10",57.60%,177,151.65,2.43%,170,158.6,2.34%,506,513.3,6.95%,"1,292","1,442.30",17.76%,"2,046","2,545.25",28.12%,"1,777","2,364",24.42%,937,"1,400",12.88%,275,322,3.78%,22,23,0.30%
18-Apr-24,Farm 5,1.56,"5,969","9,300.50","5,963","7,032.30",75.62%,75.65%,13.54%,35,26.6,0.59%,"4,063","4,482.65",68.14%,194,166.75,3.25%,318,297.3,5.33%,840,850.7,14.09%,"1,367","1,523.75",22.92%,"1,344","1,644.15",22.54%,"1,028","1,375",17.24%,501,744,8.40%,330,396,5.53%,6,7,0.10%
19-Apr-24,Farm 5,1.45,"12,925","18,741.85","12,807","13,687.78",73.11%,73.48%,13.97%,596,456.1,4.65%,"10,104","10,450.73",78.89%,"1,674","1,438.90",13.07%,"1,348","1,254.92",10.53%,"2,681","2,695.70",20.93%,"2,666","2,957.00",20.82%,"1,735","2,104.21",13.55%,"1,253","1,659",9.78%,499,741,3.90%,342,367,2.67%,13,13,0.10%
20-Apr-24,,#DIV/0!,,,-,-,,,,,,,-,-,,,,,,,,,,,,,,,,,,,,,,,,,,,,
21-Apr-24,,#DIV/0!,,,-,-,,,,,,,-,-,,,,,,,,,,,,,,,,,,,,,,,,,,,,
22-Apr-24,Farm 6,1.35,"23,844","32,156.10","22,982","23,270.86",73.10%,74.46%,14.53%,"2,208.00","1,667.25",9.61%,"17,635","17,531.98",76.73%,"4,298","3,661.77",18.70%,"2,669","2,470.08",11.61%,"5,098","5,081.42",22.18%,"3,662","4,020.33",15.93%,"1,908","2,298.38",8.30%,"1,469","1,937",6.39%,904,"1,359",3.93%,730,742,3.18%,36,33,0.16%
23-Apr-24,Farm 6,1.42,"20,235","28,693.55","20,057","21,564.13",75.23%,75.62%,13.00%,835,630.6,4.16%,"15,981","16,639.58",79.68%,"2,376","2,033.70",11.85%,"1,811","1,683.43",9.03%,"4,437","4,456.05",22.12%,"4,406","4,880.50",21.97%,"2,951","3,585.90",14.71%,"1,943","2,576",9.69%,764,"1,136",3.81%,524,573,2.61%,10,8,0.05%
24-Apr-24,,#DIV/0!,,,-,-,,,,,,,-,-,,,,,,,,,,,,,,,,,,,,,,,,,,,,
25-Apr-24,Farm 6,1.33,"16,426","21,846.30","16,063","16,030.19",73.85%,74.51%,15.04%,"1,672.00","1,270.10",10.41%,"12,798","12,737.99",79.67%,"3,424","2,921.00",21.32%,"2,025","1,882.39",12.61%,"3,512","3,528.40",21.86%,"2,439","2,703.85",15.18%,"1,398","1,702.35",8.70%,801,"1,073",4.99%,339,510,2.11%,417,409,2.60%,36,30,0.22%
26-Apr-24,Farm 6,1.13,"16,300","18,472.16","14,147","12,721.50",69.05%,76.19%,16.27%,"3,727.00","2,780.95",26.34%,"9,590","9,155.80",67.79%,"3,638","3,074.85",25.72%,"1,663","1,538.10",11.76%,"2,333","2,331.10",16.49%,"1,415","1,557.30",10.00%,541,654.45,3.82%,150,198,1.06%,43,64,0.30%,554,465,3.92%,83,59,0.59%
27-Apr-24,,#DIV/0!,,,-,-,,,,,,,-,-,,,,,,,,,,,,,,,,,,,,,,,,,,,,
28-Apr-24,,#DIV/0!,,,-,-,,,,,,,-,-,,,,,,,,,,,,,,,,,,,,,,,,,,,,
29-Apr-24,,#DIV/0!,,,-,-,,,,,,,-,-,,,,,,,,,,,,,,,,,,,,,,,,,,,,
30-Apr-24,,#DIV/0!,,,-,-,,,,,,,-,-,,,,,,,,,,,,,,,,,,,,,,,,,,,,
1-May-24,,#DIV/0!,,,-,-,,,,,,,-,-,,,,,,,,,,,,,,,,,,,,,,,,,,,,
2-May-24,Farm 1,1.45,"11,272","16,345.60","11,231","13,449.60",82.45%,82.53%,12.90%,70,52.35,0.62%,"7,181","8,068.05",63.94%,154,132.85,1.37%,239,222.25,2.13%,"1,207","1,222.60",10.75%,"2,684","2,978.30",23.90%,"2,897","3,512.05",25.79%,"2,713","3,598",24.16%,873,"1,272",7.77%,383,447,3.41%,11,12,0.10%
3-May-24,,#DIV/0!,,,-,-,,,,,,,-,-,,,,,,,,,,,,,,,,,,,,,,,,,,,,
4-May-24,Farm 1,1.46,"17,711","25,867.95","17,661","21,737.15",84.11%,84.17%,12.80%,49,35.95,0.28%,"10,240","11,642.35",57.98%,136,116.7,0.77%,200,182.45,1.13%,"1,364","1,384.40",7.72%,"4,024","4,479.40",22.78%,"4,516","5,479.40",25.57%,"4,431","5,888",25.09%,"2,237","3,318",12.67%,673,818,3.81%,31,35,0.18%
5-May-24,,#DIV/0!,,,-,-,,,,,,,-,-,,,,,,,,,,,,,,,,,,,,,,,,,,,,
6-May-24,,#DIV/0!,,,-,-,,,,,,,-,-,,,,,,,,,,,,,,,,,,,,,,,,,,,,
7-May-24,Farm 1,1.37,"17,098","23,435.85","17,073","19,537.44",83.40%,83.91%,13.82%,42,31.3,0.25%,"13,654","15,166.14",79.97%,287,246.95,1.68%,524,488.14,3.07%,"2,947","2,985.20",17.26%,"5,354","5,944.25",31.36%,"4,542","5,501.60",26.60%,"2,402","3,163",14.07%,267,384,1.56%,675,759,3.95%,33,33,0.19%
8-May-24,,#DIV/0!,,,-,-,,,,,,,-,-,,,,,,,,,,,,,,,,,,,,,,,,,,,,
9-May-24,Farm 1,1.45,"17,405","25,265.75","17,356","20,967.85",83.21%,83.25%,13.15%,70,52.4,0.40%,"11,391","13,028.45",65.63%,173,148.35,1.00%,246,228.2,1.42%,"1,463","1,486.55",8.43%,"4,117","4,602.65",23.72%,"5,392","6,562.70",31.07%,"4,285","5,679",24.69%,"1,071","1,575",6.17%,501,592,2.89%,38,41,0.22%
10-May-24,,#DIV/0!,,,-,-,,,,,,,-,-,,,,,,,,,,,,,,,,,,,,,,,,,,,,
11-May-24,,#DIV/0!,,,-,-,,,,,,,-,-,,,,,,,,,,,,,,,,,,,,,,,,,,,,
12-May-24,,#DIV/0!,,,-,-,,,,,,,-,-,,,,,,,,,,,,,,,,,,,,,,,,,,,,
13-May-24,,#DIV/0!,,,-,-,,,,,,,-,-,,,,,,,,,,,,,,,,,,,,,,,,,,,,
14-May-24,Farm 2,1.43,"15,515","22,174.05","15,469","17,344.30",78.80%,78.92%,14.64%,240,182.3,1.55%,"11,953","12,863.65",77.27%,867,741.85,5.60%,"1,127","1,048.00",7.29%,"2,556","2,562.30",16.52%,"4,314","4,774.50",27.89%,"3,089","3,737.00",19.97%,"1,976","2,602",12.77%,691,"1,021",4.47%,578,644,3.74%,31,32,0.20%
15-May-24,Farm 2,1.59,"8,832","14,024.75","8,827","10,563.16",76.12%,76.09%,13.04%,42,32.15,0.48%,"5,391","5,963.79",61.07%,240,207.95,2.72%,276,257.19,3.13%,"1,076","1,085.80",12.19%,"1,820","2,018.90",20.62%,"1,979","2,393.95",22.42%,"2,126","2,813",24.09%,897,"1,323",10.16%,352,411,3.99%,19,22,0.22%
16-May-24,,#DIV/0!,,,-,-,,,,,,,-,-,,,,,,,,,,,,,,,,,,,,,,,,,,,,
17-May-24,,#DIV/0!,,,-,-,,,,,,,-,-,,,,,,,,,,,,,,,,,,,,,,,,,,,,
18-May-24,Farm 2,1.44,"8,142","11,736.60","8,041","8,928.10",76.16%,76.66%,13.78%,293,223.35,3.64%,"5,791","6,120.50",72.02%,729,627.25,9.07%,615,573.95,7.65%,"1,369","1,376.95",17.03%,"1,813","2,007.70",22.55%,"1,265","1,534.65",15.73%,"1,111","1,468",13.82%,444,657,5.52%,378,435,4.70%,24,24,0.30%
19-May-24,,#DIV/0!,,,-,-,,,,,,,-,-,,,,,,,,,,,,,,,,,,,,,,,,,,,,
20-May-24,Farm 2,1.40,"12,626","17,615.15","12,246","13,223.26",75.24%,76.51%,14.06%,824,618.75,6.73%,"8,647","8,962.05",70.61%,"1,472","1,253.05",12.02%,"1,002",930.6,8.18%,"2,152","2,153.70",17.57%,"2,256","2,492.70",18.42%,"1,765","2,132.00",14.41%,"1,440","1,899",11.76%,730,"1,088",5.96%,582,636,4.75%,23,19,0.19%
21-May-24,,#DIV/0!,,,-,-,,,,,,,-,-,,,,,,,,,,,,,,,,,,,,,,,,,,,,
22-May-24,Farm 2,1.27,"14,526","18,466.75","13,238","13,181.35",72.04%,75.60%,14.58%,"2,186.00","1,637.40",16.51%,"9,042","9,024.60",68.30%,"2,565","2,180.15",19.38%,"1,178","1,093.10",8.90%,"2,336","2,358.10",17.65%,"1,834","2,028.90",13.85%,"1,129","1,364.35",8.53%,864,"1,144",6.53%,497,764,3.75%,578,556,4.37%,71,55,0.54%
23-May-24,,#DIV/0!,,,-,-,,,,,,,-,-,,,,,,,,,,,,,,,,,,,,,,,,,,,,
24-May-24,,#DIV/0!,,,-,-,,,,,,,-,-,,,,,,,,,,,,,,,,,,,,,,,,,,,,
25-May-24,Farm 2,1.51,"21,953","33,084.10","21,856","26,389.55",79.82%,79.98%,12.41%,141,105.65,0.65%,"12,853","14,352.70",58.81%,430,371.9,1.97%,477,445.2,2.18%,"2,310","2,333.35",10.57%,"4,684","5,210.70",21.43%,"4,952","5,991.55",22.66%,"5,971","7,949",27.32%,"2,091","3,069",9.57%,763,875,3.49%,37,39,0.17%
26-May-24,,#DIV/0!,,,-,-,,,,,,,-,-,,,,,,,,,,,,,,,,,,,,,,,,,,,,
27-May-24,,#DIV/0!,,,-,-,,,,,,,-,-,,,,,,,,,,,,,,,,,,,,,,,,,,,,
28-May-24,Farm 3,1.44,"20,650","29,655.95","20,415","23,463.99",79.15%,79.89%,13.40%,538,405.55,2.64%,"13,375","14,430.54",65.52%,"1,264","1,078.10",6.19%,"1,005",931.09,4.92%,"2,932","2,944.50",14.36%,"4,191","4,650.35",20.53%,"3,983","4,826.50",19.51%,"3,626","4,813",17.76%,"1,712","2,557",8.39%,"1,118","1,215",5.48%,46,43,0.23%
29-May-24,Farm 3,1.53,"7,999","12,204.50","7,893","9,577.20",78.48%,78.98%,13.46%,194,147.65,2.46%,"4,080","4,409.55",51.69%,397,340.35,5.03%,371,345.15,4.70%,848,853.8,10.74%,"1,220","1,355.50",15.46%,"1,244","1,514.75",15.76%,"1,805","2,407",22.87%,"1,371","2,076",17.37%,430,523,5.45%,13,14,0.16%
30-May-24,Farm 3,1.29,"15,086","19,389.65","14,106","15,021.74",77.51%,80.40%,13.20%,"1,287.00",968.02,9.12%,"9,784","10,250.97",69.36%,"1,805","1,595.63",12.80%,945,879.58,6.70%,"2,233","2,242.91",15.83%,"2,686","2,974.72",19.04%,"2,115","2,558.13",14.99%,"1,628","2,151",11.54%,547,807,3.88%,825,818,5.85%,35,27,0.25%
31-May-24,,#DIV/0!,,,-,-,,,,,,,-,-,,,,,,,,,,,,,,,,,,,,,,,,,,,,
1-Jun-24,,#DIV/0!,,,-,-,,,,,,,-,-,,,,,,,,,,,,,,,,,,,,,,,,,,,,
2-Jun-24,,#DIV/0!,,,-,-,,,,,,,-,-,,,,,,,,,,,,,,,,,,,,,,,,,,,,
3-Jun-24,,#DIV/0!,,,-,-,,,,,,,-,-,,,,,,,,,,,,,,,,,,,,,,,,,,,,
4-Jun-24,Farm 4,1.44,"4,995","7,188.55","4,950","5,605.10",78.38%,78.49%,14.00%,83,63.05,1.68%,"3,614","3,870.20",73.01%,306,260.55,6.18%,350,325.25,7.07%,801,805.3,16.18%,"1,143","1,257.30",23.09%,"1,014","1,221.80",20.48%,803,"1,053",16.22%,331,486,6.69%,115,128,2.32%,4,4,0.08%
5-Jun-24,Farm 4,1.43,"12,623","17,988.40","12,488","13,852.00",77.08%,77.06%,14.12%,391,295.15,3.13%,"9,601","10,336.20",76.88%,872,746.7,6.98%,727,675.85,5.82%,"2,217","2,236.95",17.75%,"3,308","3,674.85",26.49%,"2,477","3,001.85",19.84%,"1,684","2,222",13.48%,302,441,2.42%,489,538,3.92%,21,20,0.17%
6-Jun-24,,#DIV/0!,,,-,-,,,,,,,-,-,,,,,,,,,,,,,,,,,,,,,,,,,,,,
7-Jun-24,Farm 4,1.34,"11,263","15,131.75","10,428","10,523.15",69.64%,71.78%,14.48%,"1,421.00","1,063.50",13.63%,"7,214","7,130.20",69.18%,"2,015","1,710.30",19.32%,"1,311","1,215.30",12.57%,"1,697","1,701.30",16.27%,"1,336","1,473.70",12.81%,855,"1,029.60",8.20%,772,"1,020",7.40%,575,874,5.51%,426,422,4.09%,20,14,0.19%
8-Jun-24,Farm 4,1.44,"15,270","22,042.52","14,966","16,514.92",75.14%,75.79%,14.09%,628,472,4.20%,"10,626","11,119.18",71.00%,"1,447","1,233.30",9.67%,"1,299","1,202.40",8.68%,"2,524","2,535.45",16.86%,"3,059","3,375.50",20.44%,"2,297","2,772.53",15.35%,"2,109","2,782",14.09%,987,"1,468",6.59%,586,648,3.92%,30,27,0.20%
9-Jun-24,,#DIV/0!,,,-,-,,,,,,,-,-,,,,,,,,,,,,,,,,,,,,,,,,,,,,
10-Jun-24,,#DIV/0!,,,-,-,,,,,,,-,-,,,,,,,,,,,,,,,,,,,,,,,,,,,,
11-Jun-24,Farm 4,1.39,"17,941","24,911.95","17,044","18,432.18",74.10%,76.20%,14.48%,"1,691.00","1,261.85",9.92%,"10,716","10,990.19",62.87%,"2,188","1,854.83",12.84%,"1,439","1,336.28",8.44%,"2,361","2,372.11",13.85%,"2,685","2,960.60",15.75%,"2,043","2,466.37",11.99%,"2,163","2,858",12.69%,"1,538","2,335",9.02%,810,872,4.75%,126,115,0.74%
12-Jun-24,,#DIV/0!,,,-,-,,,,,,,-,-,,,,,,,,,,,,,,,,,,,,,,,,,,,,
13-Jun-24,Farm 4,1.54,"9,555","14,750.95","9,541","12,258.40",83.18%,83.15%,12.88%,24,18.35,0.25%,"3,952","4,578.55",41.42%,31,26.8,0.32%,66,61.25,0.69%,231,233.45,2.42%,"1,355","1,510.40",14.20%,"2,269","2,746.65",23.78%,"3,047","4,032",31.94%,"2,102","3,118",22.03%,412,507,4.32%,4,4,0.04%
14-Jun-24,,#DIV/0!,,,-,-,,,,,,,-,-,,,,,,,,,,,,,,,,,,,,,,,,,,,,
15-Jun-24,Farm 4,1.40,"15,058","21,115.90","14,953","16,045.15",76.42%,76.46%,13.79%,127,95.75,0.85%,"12,894","13,577.50",86.23%,919,787.35,6.15%,"1,395","1,289.05",9.33%,"3,879","3,886.25",25.94%,"4,357","4,795.25",29.14%,"2,344","2,819.60",15.68%,"1,089","1,416",7.28%,165,237,1.10%,645,686,4.31%,33,32,0.22%
16-Jun-24,,#DIV/0!,,,-,-,,,,,,,-,-,,,,,,,,,,,,,,,,,,,,,,,,,,,,
17-Jun-24,,#DIV/0!,,,-,-,,,,,,,-,-,,,,,,,,,,,,,,,,,,,,,,,,,,,,
18-Jun-24,,#DIV/0!,,,-,-,,,,,,,-,-,,,,,,,,,,,,,,,,,,,,,,,,,,,,
19-Jun-24,Farm 5,1.42,"18,129","25,670.40","18,096","19,204.35",74.84%,74.97%,13.99%,339,256.7,1.87%,"15,737","16,482.00",86.96%,"1,626","1,389.35",8.99%,"1,866","1,730.45",10.31%,"4,243","4,250.50",23.45%,"5,144","5,671.60",28.43%,"2,858","3,440.10",15.79%,"1,139","1,485",6.29%,135,196,0.75%,673,711,3.72%,73,74,0.40%
20-Jun-24,Farm 5,1.41,"16,816","23,709.45","16,567","17,970.05",75.91%,76.74%,13.65%,663,495.1,4.00%,"12,855","13,617.05",77.59%,"1,340","1,135.25",8.09%,"1,112","1,022.60",6.71%,"3,047","3,053.65",18.39%,"4,203","4,623.50",25.37%,"3,153","3,782.05",19.03%,"1,951","2,547",11.78%,426,619,2.57%,585,613,3.53%,87,79,0.53%
21-Jun-24,,#DIV/0!,,,-,-,,,,,,,-,-,,,,,,,,,,,,,,,,,,,,,,,,,,,,
22-Jun-24,Farm 5,1.26,"15,397","19,414.35","14,949","14,317.82",73.81%,72.99%,14.68%,"1,893.00","1,414.37",12.66%,"11,820","11,597.80",79.07%,"3,165","2,681.50",21.17%,"2,189","2,027.40",14.64%,"3,090","3,087.90",20.67%,"2,365","2,600.00",15.82%,"1,011","1,201.00",6.76%,368,477,2.46%,89,131,0.60%,657,596,4.39%,122,103,0.82%
23-Jun-24,,#DIV/0!,,,-,-,,,,,,,-,-,,,,,,,,,,,,,,,,,,,,,,,,,,,,
24-Jun-24,Farm 5,1.59,"14,025","22,364.60","13,967","17,819.10",79.87%,79.87%,12.02%,71,52.5,0.51%,"5,858","6,670.90",41.94%,138,117.25,0.99%,125,114.55,0.89%,566,567.65,4.05%,"1,946","2,150.25",13.93%,"3,083","3,721.20",22.07%,"4,015","5,292",28.75%,"3,268","4,890",23.40%,706,860,5.05%,49,54,0.35%
25-Jun-24,Farm 5,1.67,"6,308","10,529.25","6,298","8,170.75",78.39%,78.35%,12.68%,18,14.15,0.29%,"2,387","2,759.00",37.90%,43,36.2,0.68%,37,34,0.59%,195,197.55,3.10%,749,834.35,11.89%,"1,363","1,656.90",21.64%,"2,021","2,690",32.09%,"1,489","2,222",23.64%,374,475,5.94%,9,10,0.14%
26-Jun-24,,#DIV/0!,,,-,-,,,,,,,-,-,,,,,,,,,,,,,,,,,,,,,,,,,,,,
27-Jun-24,,#DIV/0!,,,-,-,,,,,,,-,-,,,,,,,,,,,,,,,,,,,,,,,,,,,,
28-Jun-24,,#DIV/0!,,,-,-,,,,,,,-,-,,,,,,,,,,,,,,,,,,,,,,,,,,,,
29-Jun-24,Farm 6,1.52,"9,137","13,873.15","9,104","10,880.20",78.59%,78.50%,13.22%,114,86.2,1.25%,"5,127","5,645.00",56.32%,305,259.2,3.35%,346,320.6,3.80%,838,844.25,9.20%,"1,790","1,986.25",19.66%,"1,848","2,234.70",20.30%,"2,099","2,768",23.06%,"1,064","1,580",11.69%,608,702,6.68%,92,99,1.01%
30-Jun-24,Farm 6,1.46,"10,217","14,905.65","10,090","11,993.00",81.04%,80.88%,13.03%,254,189.8,2.52%,"5,439","5,933.60",53.90%,442,374.05,4.38%,368,339.8,3.65%,954,958.3,9.45%,"1,772","1,961.00",17.56%,"1,903","2,300.45",18.86%,"2,295","3,037",22.75%,"1,372","2,043",13.60%,675,737,6.69%,55,52,0.55%
1-Jul-24,Farm 6,1.48,"11,035","16,372.60","10,989","12,426.65",81.06%,80.68%,13.30%,146,110.25,1.33%,"8,424","9,222.30",76.66%,437,373.2,3.98%,504,466,4.59%,"1,741","1,751.50",15.84%,"3,238","3,597.75",29.47%,"2,504","3,033.85",22.79%,"1,654","2,174",15.05%,281,406,2.56%,449,480,4.09%,35,34,0.32%
2-Jul-24,Farm 6,1.46,"10,599","15,513.90","10,533","12,252.24",79.28%,79.18%,13.48%,139,103.15,1.32%,"7,212","7,997.30",68.47%,296,252.55,2.81%,377,349.6,3.58%,"1,376","1,388.20",13.06%,"2,704","3,018.20",25.67%,"2,459","2,988.75",23.35%,"1,908","2,529",18.11%,617,907,5.86%,538,591,5.11%,119,125,1.13%
3-Jul-24,,#DIV/0!,,,-,-,,,,,,,-,-,,,,,,,,,,,,,,,,,,,,,,,,,,,,
4-Jul-24,,#DIV/0!,,,-,-,,,,,,,-,-,,,,,,,,,,,,,,,,,,,,,,,,,,,,
5-Jul-24,,#DIV/0!,,,-,-,,,,,,,-,-,,,,,,,,,,,,,,,,,,,,,,,,,,,,
6-Jul-24,Farm 1,1.48,"15,074","22,259.90","15,016","16,923.60",76.23%,76.23%,14.24%,328,247.4,2.18%,"10,709","11,404.55",71.32%,"1,084",924.85,7.22%,"1,068",989.7,7.11%,"2,522","2,531.15",16.80%,"3,470","3,847.95",23.11%,"2,565","3,110.90",17.08%,"2,315","3,064",15.42%,954,"1,426",6.35%,626,693,4.17%,84,88,0.56%
7-Jul-24,,#DIV/0!,,,-,-,,,,,,,-,-,,,,,,,,,,,,,,,,,,,,,,,,,,,,
8-Jul-24,Farm 1,1.45,"5,048","7,324.10","4,953","5,352.25",73.93%,72.23%,14.22%,341,257.15,6.88%,"3,393","3,473.70",68.50%,686,583.45,13.85%,462,427.95,9.33%,784,785.55,15.83%,840,926.55,16.96%,621,750.2,12.54%,520,686,10.50%,422,645,8.52%,241,257,4.87%,36,33,0.73%
9-Jul-24,Farm 1,1.27,"7,221","9,194.80","6,884","6,695.45",75.70%,75.70%,15.01%,"1,227.00",918.85,17.82%,"4,625","4,508.15",67.18%,"1,447","1,223.45",21.02%,708,654.9,10.28%,"1,022","1,026.40",14.85%,902,944.8,13.10%,546,658.6,7.93%,398,525,5.78%,269,412,3.91%,316,291,4.59%,49,41,0.71%
10-Jul-24,,#DIV/0!,,,-,-,,,,,,,-,-,,,,,,,,,,,,,,,,,,,,,,,,,,,,
11-Jul-24,Farm 1,1.31,"17,011","22,289.15","16,038","16,158.60",75.35%,75.35%,15.01%,"2,038.00","1,532.20",12.71%,"11,693","11,701.75",72.91%,"2,910","2,474.80",18.14%,"1,832","1,697.35",11.42%,"2,861","2,866.75",17.84%,"2,649","2,921.30",16.52%,"1,441","1,741.55",8.98%,"1,069","1,407",6.67%,573,870,3.57%,631,618,3.93%,34,29,0.21%
12-Jul-24,,#DIV/0!,,,-,-,,,,,,,-,-,,,,,,,,,,,,,,,,,,,,,,,,,,,,
13-Jul-24,Farm 1,0.15,"7,285","1,128.65","7,279","8,843.88",80.24%,80.24%,12.57%,21,15.16,0.29%,"4,552","5,180.04",62.54%,66,56.28,0.91%,108,100.34,1.48%,620,631.16,8.52%,"1,839","2,057.31",25.26%,"1,919","2,334.95",26.36%,"1,838","2,447",25.25%,620,911,8.52%,232,273,3.19%,16,18,0.22%
14-Jul-24,Farm 1,1.21,"20,993","25,400.81","18,424","17,183.81",74.02%,74.02%,15.04%,"3,636.00","2,723.22",19.74%,"12,668","12,260.36",68.76%,"4,261","3,616.67",23.13%,"2,206","2,045.30",11.97%,"3,096","3,097.48",16.80%,"2,199","2,414.02",11.94%,906,"1,086.89",4.92%,541,708,2.94%,228,343,1.24%,"1,196","1,037",6.49%,155,113,0.84%
15-Jul-24,,#DIV/0!,,,-,-,,,,,,,-,-,,,,,,,,,,,,,,,,,,,,,,,,,,,,
16-Jul-24,Farm 1,1.49,"10,097","15,075.65","10,010","11,532.50",76.85%,76.83%,13.56%,239,180.3,2.39%,"6,820","7,369.70",68.13%,600,512.25,5.99%,575,533.5,5.74%,"1,501","1,515.30",15.00%,"2,265","2,522.30",22.63%,"1,879","2,286.35",18.77%,"1,725","2,295",17.23%,836,"1,247",8.35%,369,417,3.69%,21,24,0.21%
17-Jul-24,Farm 1,1.46,"8,504","12,376.00","8,261","9,298.25",76.37%,76.35%,14.03%,423,318.25,5.12%,"5,598","5,978.05",67.76%,660,561.25,7.99%,545,506.2,6.60%,"1,080","1,088.15",13.07%,"1,879","2,082.65",22.75%,"1,434","1,739.80",17.36%,"1,217","1,615",14.73%,670,"1,007",8.11%,318,349,3.85%,35,32,0.42%
18-Jul-24,Farm 1,1.32,"6,872","9,084.30","6,388","6,819.60",78.48%,78.24%,14.25%,500,371.95,7.83%,"4,804","5,126.05",75.20%,645,546.2,10.10%,439,406.05,6.87%,"1,066","1,075.00",16.69%,"1,419","1,572.40",22.21%,"1,235","1,526.40",19.33%,664,871,10.39%,89,129,1.39%,286,286,4.48%,45,36,0.70%
19-Jul-24,,#DIV/0!,,,-,-,,,,,,,-,-,,,,,,,,,,,,,,,,,,,,,,,,,,,,
20-Jul-24,,#DIV/0!,,,-,-,,,,,,,-,-,,,,,,,,,,,,,,,,,,,,,,,,,,,,
21-Jul-24,,#DIV/0!,,,-,-,,,,,,,-,-,,,,,,,,,,,,,,,,,,,,,,,,,,,,
22-Jul-24,Farm 2,1.36,"15,069","20,476.05","14,648","15,687.63",77.93%,77.93%,14.57%,"1,023.00",767.65,6.98%,"10,220","10,471.03",69.77%,"1,880","1,597.90",12.83%,"1,462","1,355.00",9.98%,"2,390","2,389.60",16.32%,"2,706","2,983.90",18.47%,"1,782","2,144.63",12.17%,"1,687","2,226",11.52%,964,"1,440",6.58%,688,725,4.70%,66,57,0.45%
23-Jul-24,Farm 2,1.53,"12,268","18,786.20","12,110","14,171.45",75.97%,75.97%,14.29%,355,265.5,2.93%,"7,094","7,610.85",58.58%,728,619.05,6.01%,658,609.15,5.43%,"1,502","1,506.05",12.40%,"2,115","2,351.05",17.46%,"2,091","2,525.55",17.27%,"2,488","3,298",20.55%,"1,421","2,130",11.73%,717,832,5.92%,35,35,0.29%
24-Jul-24,,#DIV/0!,,,-,-,,,,,,,-,-,,,,,,,,,,,,,,,,,,,,,,,,,,,,
25-Jul-24,Farm 2,1.38,"5,047","6,975.05","4,900","5,214.31",76.16%,76.17%,14.66%,417,314.76,8.51%,"3,366","3,406.21",68.69%,765,651.49,15.61%,500,463.9,10.20%,842,844.22,17.18%,772,855.94,15.76%,487,590.66,9.94%,405,536,8.27%,387,607,7.90%,304,329,6.20%,21,22,0.43%
26-Jul-24,Farm 2,1.41,"20,160","28,452.70","19,350","20,890.37",75.19%,75.19%,13.99%,"1,612.00","1,213.18",8.33%,"12,396","12,652.22",64.06%,"2,755","2,348.59",14.24%,"1,640","1,523.52",8.48%,"2,878","2,889.21",14.87%,"2,989","3,307.58",15.45%,"2,134","2,583.32",11.03%,"2,195","2,911",11.34%,"1,720","2,613",8.89%,"1,345","1,428",6.95%,82,73,0.42%
27-Jul-24,Farm 2,1.38,"6,605","9,106.25","6,458","7,167.73",79.72%,79.71%,13.33%,268,201.17,4.15%,"4,556","4,898.58",70.55%,463,395.33,7.17%,389,361.96,6.02%,920,927.88,14.25%,"1,547","1,716.66",23.95%,"1,237","1,496.75",19.15%,960,"1,264",14.87%,260,380,4.03%,375,390,5.81%,39,34,0.60%
28-Jul-24,,#DIV/0!,,,-,-,,,,,,,-,-,,,,,,,,,,,,,,,,,,,,,,,,,,,,
29-Jul-24,,#DIV/0!,,,-,-,,,,,,,-,-,,,,,,,,,,,,,,,,,,,,,,,,,,,,
30-Jul-24,Farm 2,1.40,"23,435","32,776.55","21,857","24,347.37",77.38%,76.82%,15.23%,"2,362.00","1,767.73",10.81%,"11,943","12,148.07",54.64%,"2,903","2,460.52",13.28%,"1,625","1,506.12",7.43%,"2,487","2,491.11",11.38%,"2,741","3,038.17",12.54%,"2,187","2,652.15",10.01%,"2,414","3,212",11.04%,"3,419","5,408",15.64%,"1,579","1,691",7.22%,140,120,0.64%
31-Jul-24,,#DIV/0!,,,-,-,,,,,,,-,-,,,,,,,,,,,,,,,,,,,,,,,,,,,,
1-Aug-24,,#DIV/0!,,,-,-,,,,,,,-,-,,,,,,,,,,,,,,,,,,,,,,,,,,,,
2-Aug-24,,#DIV/0!,,,-,-,,,,,,,-,-,,,,,,,,,,,,,,,,,,,,,,,,,,,,
3-Aug-24,Farm 3,1.35,"6,970","9,422.05","6,956","7,182.65",76.31%,76.30%,14.90%,172,130.45,2.47%,"6,186","6,323.50",88.93%,840,719.5,12.08%,932,862.25,13.40%,"1,922","1,924.40",27.63%,"1,749","1,921.50",25.14%,743,895.85,10.68%,280,368,4.03%,56,82,0.81%,247,264,3.55%,15,15,0.22%
4-Aug-24,,#DIV/0!,,,-,-,,,,,,,-,-,,,,,,,,,,,,,,,,,,,,,,,,,,,,
5-Aug-24,Farm 3,14.79,"13,164","194,708.90","13,113","14,532.69",75.09%,75.14%,14.55%,303,228.45,2.31%,"9,474","9,878.85",72.25%,"1,258","1,068.15",9.59%,"1,185","1,092.95",9.04%,"2,347","2,344.40",17.90%,"2,641","2,908.95",20.14%,"2,043","2,464.40",15.58%,"1,735","2,290",13.23%,912,"1,358",6.95%,661,748,5.04%,28,29,0.21%
6-Aug-24,Farm 3,1.24,"14,595","18,044.65","13,936","12,890.45",73.97%,73.96%,15.40%,"2,604.00","1,947.95",18.69%,"10,596","10,106.95",76.03%,"3,677","3,107.25",26.38%,"2,051","1,891.85",14.72%,"2,755","2,743.50",19.77%,"1,552","1,694.40",11.14%,561,669.95,4.03%,246,322,1.77%,123,184,0.88%,336,304,2.41%,31,25,0.22%
7-Aug-24,Farm 3,1.31,"7,849","10,253.10","7,447","7,184.65",72.76%,72.73%,14.26%,"1,064.00",791.95,14.29%,"5,592","5,483.70",75.09%,"1,572","1,326.65",21.11%,939,862.9,12.61%,"1,430","1,425.55",19.20%,"1,104","1,213.20",14.82%,547,655.4,7.35%,290,380,3.89%,112,167,1.50%,359,336,4.82%,30,27,0.40%
8-Aug-24,Farm 3,1.16,"7,844","9,067.40","6,954","6,012.39",72.96%,72.62%,15.32%,"1,988.00","1,484.55",28.59%,"4,471","4,100.26",64.29%,"2,194","1,841.70",31.55%,953,877.15,13.70%,793,787.31,11.40%,404,441.05,5.81%,127,153.05,1.83%,46,60,0.66%,19,28,0.27%,379,304,5.45%,51,35,0.73%
9-Aug-24,Farm 3,1.37,"12,267","16,832.10","12,221","13,284.50",79.11%,78.74%,13.34%,145,108.89,1.19%,"10,447","11,178.99",85.48%,708,606.99,5.79%,996,924.26,8.15%,"2,791","2,813.84",22.84%,"3,657","4,056.79",29.92%,"2,295","2,777.11",18.78%,970,"1,272",7.94%,76,109,0.62%,550,584,4.50%,33,31,0.27%
10-Aug-24,Farm 3,1.31,"12,688","16,629.15","11,989","12,064.57",75.22%,75.25%,15.07%,"1,864.00","1,393.69",15.55%,"8,231","8,399.38",68.65%,"1,984","1,678.49",16.55%,967,894.5,8.07%,"1,727","1,730.80",14.40%,"2,044","2,267.47",17.05%,"1,509","1,828.12",12.59%,"1,005","1,329",8.38%,217,315,1.81%,604,571,5.04%,68,56,0.57%
11-Aug-24,,#DIV/0!,,,-,-,,,,,,,-,-,,,,,,,,,,,,,,,,,,,,,,,,,,,,
12-Aug-24,Farm 4,1.27,"11,676","14,815.85","10,344","9,985.25",73.17%,73.11%,15.57%,"2,185.00","1,613.30",21.12%,"6,466","6,372.81",62.51%,"1,997","1,675.80",19.31%,983,904.89,9.50%,"1,386","1,393.41",13.40%,"1,244","1,367.83",12.03%,856,"1,030.88",8.28%,659,869,6.37%,374,557,3.62%,552,497,5.34%,108,77,1.04%
13-Aug-24,Farm 4,1.35,"16,625","22,494.55","16,018","16,792.30",76.34%,76.46%,14.55%,"1,216.00",908.4,7.59%,"11,684","12,041.50",72.94%,"2,002","1,696.15",12.50%,"1,390","1,281.30",8.68%,"2,922","2,922.05",18.24%,"3,191","3,517.10",19.92%,"2,179","2,624.90",13.60%,"1,516","1,996",9.46%,571,843,3.56%,929,921,5.80%,102,82,0.64%
14-Aug-24,,#DIV/0!,,,-,-,,,,,,,-,-,,,,,,,,,,,,,,,,,,,,,,,,,,,,
15-Aug-24,Farm 4,1.45,"21,378","30,957.20","21,279","24,687.76",79.95%,79.91%,13.72%,255,191.72,1.20%,"14,379","15,712.09",67.57%,856,729.22,4.02%,975,902.25,4.58%,"2,904","2,923.82",13.65%,"4,983","5,513.56",23.42%,"4,661","5,643.24",21.90%,"4,408","5,834",20.72%,"1,258","1,837",5.91%,908,"1,043",4.27%,71,71,0.33%
16-Aug-24,Farm 4,1.47,"11,805","17,375.15","11,762","13,612.71",78.48%,78.48%,12.95%,240,180.02,2.04%,"7,665","8,238.89",65.17%,658,559.32,5.59%,652,601.56,5.54%,"1,663","1,672.15",14.14%,"2,568","2,837.02",21.83%,"2,124","2,568.84",18.06%,"2,136","2,831",18.16%,"1,191","1,767",10.13%,496,561,4.22%,34,35,0.29%
17-Aug-24,Farm 4,1.36,"15,044","20,494.85","14,978","16,749.33",82.02%,81.70%,13.42%,350,260.48,2.34%,"10,961","11,696.96",73.18%,"1,059",900.02,7.07%,"1,070",986.12,7.14%,"2,375","2,384.23",15.86%,"3,590","3,964.97",23.97%,"2,867","3,461.62",19.14%,"2,134","2,818",14.25%,823,"1,211",5.49%,675,729,4.51%,35,34,0.23%
18-Aug-24,,#DIV/0!,,,-,-,,,,,,,-,-,,,,,,,,,,,,,,,,,,,,,,,,,,,,
19-Aug-24,,#DIV/0!,,,-,-,,,,,,,-,-,,,,,,,,,,,,,,,,,,,,,,,,,,,,
20-Aug-24,,#DIV/0!,,,-,-,,,,,,,-,-,,,,,,,,,,,,,,,,,,,,,,,,,,,,
21-Aug-24,,#DIV/0!,,,-,-,,,,,,,-,-,,,,,,,,,,,,,,,,,,,,,,,,,,,,
22-Aug-24,,#DIV/0!,,,-,-,,,,,,,-,-,,,,,,,,,,,,,,,,,,,,,,,,,,,,
23-Aug-24,,#DIV/0!,,,-,-,,,,,,,-,-,,,,,,,,,,,,,,,,,,,,,,,,,,,,
24-Aug-24,Farm 5,1.54,"19,022","29,297.00","18,675","22,112.73",76.28%,76.26%,13.87%,558,415.34,2.99%,"10,506","11,339.81",56.26%,"1,003",846.04,5.37%,859,790.18,4.60%,"1,855","1,854.45",9.93%,"3,264","3,598.48",17.48%,"3,525","4,250.66",18.88%,"4,119","5,440",22.06%,"2,593","3,859",13.88%,852,"1,015",4.56%,47,44,0.25%
25-Aug-24,,#DIV/0!,,,-,-,,,,,,,-,-,,,,,,,,,,,,,,,,,,,,,,,,,,,,
26-Aug-24,,#DIV/0!,,,-,-,,,,,,,-,-,,,,,,,,,,,,,,,,,,,,,,,,,,,,
27-Aug-24,Farm 5,1.29,"22,169","28,542.30","20,197","20,010.37",74.51%,74.68%,14.93%,"3,479.00","2,591.45",17.23%,"12,686","12,448.08",62.81%,"3,896","3,288.38",19.29%,"2,208","2,035.94",10.93%,"2,709","2,700.87",13.41%,"2,381","2,619.61",11.79%,"1,492","1,803.28",7.39%,"1,214","1,606",6.01%,"1,306","2,002",6.47%,"1,357","1,247",6.72%,155,116,0.77%
28-Aug-24,,#DIV/0!,,,-,-,,,,,,,-,-,,,,,,,,,,,,,,,,,,,,,,,,,,,,
29-Aug-24,Farm 5,1.29,"18,433","23,689.50","16,562","15,977.26",72.21%,72.20%,14.45%,"2,976.00","2,206.32",17.97%,"11,096","10,890.23",67.00%,"3,246","2,723.10",19.60%,"1,780","1,633.61",10.75%,"2,574","2,563.38",15.54%,"2,152","2,358.90",12.99%,"1,344","1,611.24",8.11%,866,"1,135",5.23%,489,730,2.95%,"1,046",951,6.32%,89,65,0.54%
30-Aug-24,Farm 5,1.58,"28,947","45,819.25","28,124","34,626.31",76.83%,76.87%,12.61%,"1,229.00",915.68,4.37%,"12,599","13,430.11",44.80%,"1,792","1,521.34",6.37%,"1,309","1,218.71",4.65%,"2,274","2,311.01",8.09%,"3,353","3,709.42",11.92%,"3,871","4,669.63",13.76%,"5,720","7,580",20.34%,"7,184","11,017",25.54%,"1,306","1,594",4.64%,86,89,0.31%
31-Aug-24,,#DIV/0!,,,,,,,,,,,,,,,,,,,,,,,,,,,,,,,,,,,,,,,,
1-Sep-24,Farm 5,1.59,"5,393","8,588.50","5,385","6,549.94",76.35%,76.35%,12.18%,31,23.5,0.58%,"3,121","3,494.90",57.96%,106,91.01,1.97%,150,139.65,2.79%,486,493.44,9.03%,"1,113","1,236.96",20.67%,"1,266","1,533.84",23.51%,"1,310","1,737",24.33%,670,994,12.44%,242,288,4.49%,11,11,0.20%
2-Sep-24,Farm 5,1.41,"24,192","34,012.88","23,431","26,262.13",78.74%,78.74%,13.51%,"1,759.00","1,294.51",7.51%,"14,394","15,349.12",61.43%,"1,842","1,546.51",7.86%,"1,219","1,123.81",5.20%,"2,696","2,713.64",11.51%,"4,416","4,877.19",18.85%,"4,221","5,087.97",18.01%,"4,009","5,290.90",17.11%,"2,078","3,090.56",8.87%,942,996.8,4.02%,249,240.24,1.06%
3-Sep-24,,#DIV/0!,,,-,-,,,,,,,-,-,,,,,,,,,,,,,,,,,,,,,,,,,,,,
4-Sep-24,,#DIV/0!,,,-,-,,,,,,,-,-,,,,,,,,,,,,,,,,,,,,,,,,,,,,
5-Sep-24,,#DIV/0!,,,-,-,,,,,,,-,-,,,,,,,,,,,,,,,,,,,,,,,,,,,,
6-Sep-24,,#DIV/0!,,,-,-,,,,,,,-,-,,,,,,,,,,,,,,,,,,,,,,,,,,,,
7-Sep-24,Farm 6,1.52,"19,973","30,318.10","19,858","23,004.94",76.18%,76.18%,13.82%,336,252.73,1.69%,"12,882","13,895.30",64.87%,"1,040",879.61,5.24%,"1,149","1,058.15",5.79%,"2,804","2,831.79",14.12%,"3,896","4,312.07",19.62%,"3,993","4,813.68",20.11%,"4,110","5,410",20.70%,"1,670","2,451",8.41%,799,934,4.02%,61,62,0.31%
8-Sep-24,,#DIV/0!,,,-,-,,,,,,,-,-,,,,,,,,,,,,,,,,,,,,,,,,,,,,
9-Sep-24,Farm 6,1.36,"26,702","36,211.55","25,611","27,156.14",76.94%,76.94%,14.18%,"2,130.00","1,601.09",8.32%,"18,633","19,491.55",72.75%,"2,962","2,508.73",11.57%,"2,299","2,132.28",8.98%,"4,048","4,098.40",15.81%,"5,069","5,618.58",19.79%,"4,255","5,133.56",16.61%,"2,794","3,674",10.91%,732,"1,068",2.86%,"1,221","1,231",4.77%,101,91,0.39%
10-Sep-24,Farm 6,1.51,"14,990","22,572.60","14,871","17,128.18",76.25%,76.24%,13.70%,442,333.27,2.97%,"9,561","10,124.80",64.29%,"1,146",973.45,7.71%,953,878.59,6.41%,"2,180","2,187.55",14.66%,"2,849","3,145.34",19.16%,"2,433","2,939.87",16.36%,"2,445","3,241",16.44%,"1,735","2,633",11.67%,618,731,4.16%,70,66,0.47%
11-Sep-24,Farm 6,1.66,"20,125","33,317.90","19,590","23,179.43",70.57%,70.56%,12.51%,947,713.04,4.83%,"10,732","11,395.86",54.78%,"1,579","1,344.57",8.06%,"1,181","1,095.95",6.03%,"1,850","1,863.45",9.44%,"3,206","3,545.59",16.37%,"2,916","3,546.30",14.89%,"3,404","4,514",17.38%,"3,393","5,277",17.32%,"1,037","1,203",5.29%,77,76,0.39%
12-Sep-24,,#DIV/0!,,,-,-,,,,,,,-,-,,,,,,,,,,,,,,,,,,,,,,,,,,,,
13-Sep-24,,#DIV/0!,,,-,-,,,,,,,-,-,,,,,,,,,,,,,,,,,,,,,,,,,,,,
14-Sep-24,Farm 6,1.58,"15,064","23,743.00","14,773","18,380.76",78.20%,78.20%,13.44%,510,382.86,3.45%,"7,570","8,011.78",51.24%,961,816.2,6.51%,815,752.86,5.52%,"1,690","1,699.18",11.44%,"2,142","2,372.50",14.50%,"1,962","2,371.04",13.28%,"2,608","3,457",17.65%,"3,277","5,572",22.18%,761,907,5.15%,47,49,0.32%
15-Sep-24,,#DIV/0!,,,-,-,,,,,,,-,-,,,,,,,,,,,,,,,,,,,,,,,,,,,,
16-Sep-24,Farm 6,1.58,"13,847","21,932.70","13,795","17,007.48",77.73%,77.71%,13.04%,232,173.02,1.68%,"6,824","7,580.50",49.47%,473,400.76,3.43%,401,370.44,2.91%,960,965.76,6.96%,"2,073","2,301.72",15.03%,"2,917","3,541.82",21.15%,"3,696","4,903",26.79%,"2,366","3,540",17.15%,648,781,4.70%,29,31,0.21%
17-Sep-24,Farm 6,1.50,"11,360","17,001.40","10,773","12,548.14",76.15%,76.16%,14.29%,949,709.8,8.81%,"5,330","5,389.91",49.48%,"1,215","1,027.94",11.28%,820,756.68,7.61%,"1,207","1,210.14",11.20%,"1,215","1,340.09",11.28%,873,"1,055.06",8.10%,"1,160","1,539",10.77%,"2,496","4,020",23.17%,801,855,7.44%,37,34,0.34%
18-Sep-24,,#DIV/0!,,,-,-,,,,,,,-,-,,,,,,,,,,,,,,,,,,,,,,,,,,,,
19-Sep-24,Farm 6,1.44,"8,064","11,626.40","8,050","9,025.06",77.71%,77.67%,13.63%,78,59.52,0.97%,"6,256","6,752.24",77.71%,416,357.69,5.17%,589,547.28,7.32%,"1,484","1,497.52",18.43%,"2,134","2,371.13",26.51%,"1,633","1,978.62",20.29%,"1,055","1,390",13.11%,268,391,3.33%,370,410,4.60%,23,22,0.29%
20-Sep-24,,#DIV/0!,,,-,-,,,,,,,-,-,,,,,,,,,,,,,,,,,,,,,,,,,,,,
21-Sep-24,,#DIV/0!,,,-,-,,,,,,,-,-,,,,,,,,,,,,,,,,,,,,,,,,,,,,
22-Sep-24,,#DIV/0!,,,-,-,,,,,,,-,-,,,,,,,,,,,,,,,,,,,,,,,,,,,,
23-Sep-24,Farm 1,1.27,"16,230","20,553.70","15,187","14,773.54",75.33%,75.36%,15.00%,"2,580.00","1,925.82",16.99%,"10,572","10,432.64",69.61%,"2,988","2,524.77",19.67%,"1,757","1,622.50",11.57%,"2,501","2,501.61",16.47%,"2,271","2,507.08",14.95%,"1,055","1,276.68",6.95%,798,"1,056.10",5.25%,413,622.31,2.72%,762,690.25,5.02%,62,46.42,0.41%
24-Sep-24,,#DIV/0!,,,-,-,,,,,,,-,-,,,,,,,,,,,,,,,,,,,,,,,,,,,,
25-Sep-24,Farm 1,1.53,"21,019","32,191.60","20,966","25,429.46",79.10%,79.10%,13.54%,81,60.83,0.39%,"12,074","13,542.19",57.59%,270,232.02,1.29%,529,494.24,2.52%,"2,215","2,246.79",10.56%,"4,203","4,669.42",20.05%,"4,857","5,899.72",23.17%,"6,101","8,086.88",29.10%,"1,884","2,772.13",8.99%,782,922.5,3.73%,44,44.93,0.21%
26-Sep-24,Farm 1,1.42,"14,464","20,498.80","13,825","15,500.97",77.65%,76.93%,13.99%,"1,198",896.62,8.67%,"8,689","9,456.34",62.85%,782,660.23,5.66%,517,483.16,3.74%,"1,648","1,674.03",11.92%,"2,986","3,307.04",21.60%,"2,756","3,331.88",19.93%,"2,323","3,073.71",16.80%,880,"1,295.22",6.37%,673,722.9,4.87%,62,56.18,0.45%
27-Sep-24,,#DIV/0!,,,-,-,,,,,,,-,-,,,,,,,,,,,,,,,,,,,,,,,,,,,,
28-Sep-24,Farm 1,1.41,"16,672","23,581.85","16,445","18,292.93",78.27%,78.24%,14.57%,781,589.82,4.75%,"11,311","11,957.32",68.78%,"1,377","1,175.33",8.37%,"1,257","1,169.15",7.64%,"2,700","2,721.84",16.42%,"3,324","3,684.86",20.21%,"2,653","3,206.14",16.13%,"2,348","3,116.80",14.28%,"1,194","1,798.02",7.26%,741,769.39,4.51%,70,61.58,0.43%
29-Sep-24,,#DIV/0!,,,-,-,,,,,,,-,-,,,,,,,,,,,,,,,,,,,,,,,,,,,,
30-Sep-24,Farm 1,1.59,"21,110","33,470.10","20,912","26,082.42",78.30%,78.54%,13.19%,219,163.39,1.05%,"9,659","10,512.69",46.19%,629,538.5,3.01%,937,878.97,4.48%,"1,559","1,586.43",7.46%,"3,142","3,419.35",15.02%,"3,392","4,089.44",16.22%,"5,565","7,370.70",26.61%,"4,362","6,688.34",20.86%,"1,041","1,278.52",4.98%,66,68.78,0.32%
1-Oct-24,,#DIV/0!,,,-,-,,,,,,,-,-,,,,,,,,,,,,,,,,,,,,,,,,,,,,
2-Oct-24,,#DIV/0!,,,-,-,,,,,,,-,-,,,,,,,,,,,,,,,,,,,,,,,,,,,,
3-Oct-24,,#DIV/0!,,,-,-,,,,,,,-,-,,,,,,,,,,,,,,,,,,,,,,,,,,,,
4-Oct-24,,#DIV/0!,,,-,-,,,,,,,-,-,,,,,,,,,,,,,,,,,,,,,,,,,,,,
5-Oct-24,,#DIV/0!,,,-,-,,,,,,,-,-,,,,,,,,,,,,,,,,,,,,,,,,,,,,
6-Oct-24,,#DIV/0!,,,-,-,,,,,,,-,-,,,,,,,,,,,,,,,,,,,,,,,,,,,,
7-Oct-24,Farm 2,1.49,"13,028","19,369.20","12,865","14,363.34",74.78%,74.49%,14.90%,280,211.02,2.18%,"9,383","9,944.60",72.93%,806,680.01,6.27%,"1,630","1,517.89",12.67%,"2,079","2,119.96",16.16%,"2,483","2,750.91",19.30%,"2,385","2,875.83",18.54%,"1,897","2,500",14.75%,657,969,5.11%,619,709,4.81%,29,30,0.23%
8-Oct-24,,#DIV/0!,,,-,-,,,,,,,-,-,,,,,,,,,,,,,,,,,,,,,,,,,,,,
9-Oct-24,,#DIV/0!,,,-,-,,,,,,,-,-,,,,,,,,,,,,,,,,,,,,,,,,,,,,
10-Oct-24,Farm 2,1.49,"7,484","11,147.05","7,432","8,397.88",75.71%,75.62%,14.47%,271,203.7,3.65%,"4,892","5,088.67",65.82%,706,601.13,9.50%,696,645.28,9.36%,"1,235","1,242.73",16.62%,"1,226","1,358.33",16.50%,"1,029","1,241.20",13.85%,"1,057","1,401.70",14.22%,864,"1,319.67",11.63%,318,364.92,4.28%,30,19.22,0.40%
11-Oct-24,,#DIV/0!,,,-,-,,,,,,,-,-,,,,,,,,,,,,,,,,,,,,,,,,,,,,
12-Oct-24,Farm 2,1.24,"10,214","12,697.00","9,650","9,102.18",74.52%,74.34%,15.51%,"1,448","1,086.98",15.01%,"7,521","7,275.20",77.94%,"2,322","1,965.34",24.06%,"1,536","1,421.36",15.92%,"1,930","1,932.82",20.00%,"1,231","1,353.44",12.76%,502,602.24,5.20%,235,307.06,2.44%,58,84.1,0.60%,354,323.76,3.67%,34,25.08,0.35%
13-Oct-24,,#DIV/0!,,,-,-,,,,,,,-,-,,,,,,,,,,,,,,,,,,,,,,,,,,,,
14-Oct-24,Farm 2,1.30,"20,060","25,983.10","18,838","18,612.17",74.55%,74.35%,15.52%,"2,224","1,665.58",11.81%,"14,516","14,405.90",77.06%,"3,727","3,158.79",19.78%,"2,546","2,356.67",13.52%,"3,574","3,582.11",18.97%,"3,064","3,378.91",16.26%,"1,605","1,929.42",8.52%,970,"1,272.29",5.15%,365,541.07,1.94%,703,675.33,3.73%,60,52,0.32%
15-Oct-24,,#DIV/0!,,,-,-,,,,,,,-,-,,,,,,,,,,,,,,,,,,,,,,,,,,,,
16-Oct-24,Farm 2,1.29,"20,669","26,744.30","19,637","19,152.87",74.01%,73.56%,15.27%,"3,114","2,333.71",15.86%,"14,106","13,987.96",71.83%,"3,950","3,348.59",20.12%,"2,384","2,209.92",12.14%,"3,270","3,285.62",16.65%,"2,815","3,109.30",14.34%,"1,687","2,034.53",8.59%,"1,155","1,521.21",5.88%,304,447.21,1.55%,866,790.88,4.41%,92,71.9,0.47%
17-Oct-24,Farm 2,1.36,"19,940","27,136.55","19,108","19,600.58",74.17%,72.61%,14.30%,"1,870","1,439.23",9.79%,"14,577","14,802.58",76.29%,"2,879","2,434.80",15.07%,"2,205","2,039.94",11.54%,"3,667","3,683.89",19.19%,"3,575","3,938.82",18.71%,"2,251","2,705.13",11.78%,"1,507","1,981.64",7.89%,555,813.07,2.90%,535,516.06,2.80%,64,48,0.33%
18-Oct-24,,#DIV/0!,,,-,-,,,,,,,-,-,,,,,,,,,,,,,,,,,,,,,,,,,,,,
19-Oct-24,Farm 3,1.52,"23,856","36,212.18","23,589","28,448.95",79.11%,78.88%,13.48%,541,406.77,2.29%,"13,699","15,392.66",58.07%,995,850.05,4.22%,801,744.57,3.40%,"2,177","2,209.11",9.23%,"4,237","4,727.81",17.96%,"5,489","6,861.12",23.27%,"6,202","8,217.89",26.29%,"2,316","3,464.48",9.82%,761,899.44,3.23%,70,67.71,0.30%
20-Oct-24,,#DIV/0!,,,-,-,,,,,,,-,-,,,,,,,,,,,,,,,,,,,,,,,,,,,,
21-Oct-24,Farm 3,1.40,"14,535","20,352.50","14,049","14,861.71",74.55%,73.67%,14.62%,"1,363","1,019.88",9.70%,"9,540","9,580.87",67.91%,"2,283","1,938.98",16.25%,"1,581","1,465.27",11.25%,"2,375","2,386.62",16.91%,"1,967","2,176.72",14.00%,"1,334","1,613.28",9.50%,"1,324","1,755.96",9.42%,"1,272","1,970.24",9.05%,544,530.98,3.87%,6,3.78,0.04%
22-Oct-24,Farm 3,1.11,"12,239","13,589.34","9,767","8,444.18",73.45%,72.82%,16.13%,"3,254","2,419.06",33.32%,"5,611","5,219.17",57.45%,"2,559","2,153.18",26.20%,"1,134","1,048.26",11.61%,"1,053","1,052.49",10.78%,636,692.83,6.51%,229,272.41,2.34%,112,146.18,1.15%,66,101,0.68%,650,506.13,6.66%,74,52.64,0.76%
23-Oct-24,,#DIV/0!,,,-,-,,,,,,,-,-,,,,,,,,,,,,,,,,,,,,,,,,,,,,
24-Oct-24,,#DIV/0!,,,-,-,,,,,,,-,-,,,,,,,,,,,,,,,,,,,,,,,,,,,,
25-Oct-24,,#DIV/0!,,,-,-,,,,,,,-,-,,,,,,,,,,,,,,,,,,,,,,,,,,,,
26-Oct-24,Farm 3,1.22,"13,002","15,899.20","11,958","11,459.17",76.20%,75.97%,15.12%,"2,031","1,517.30",16.98%,"8,908","8,740.48",74.49%,"2,711","2,298.99",22.67%,"1,568","1,452.64",13.11%,"2,060","2,067.20",17.23%,"1,691","1,862.94",14.14%,878,"1,058.71",7.34%,529,692.95,4.42%,114,166.18,0.95%,331,306.5,2.77%,45,35.76,0.38%
27-Oct-24,,#DIV/0!,,,,,,,,,,,,,,,,,,,,,,,,,,,,,,,,,,,,,,,,
28-Oct-24,Farm 4,1.25,"10,097","12,613.25","9,469","9,275.72",76.60%,76.68%,15.20%,"1,199",901.54,12.66%,"7,156","7,090.78",75.57%,"1,951","1,662.17",20.60%,"1,328","1,237.60",14.02%,"1,780","1,792.82",18.80%,"1,417","1,572.07",14.96%,680,826.12,7.18%,413,547.04,4.36%,179,271,1.89%,475,428.59,5.02%,47,36.77,0.50%
29-Oct-24,Farm 4,1.34,"12,895","17,336.70","12,719","13,160.87",76.54%,76.41%,14.53%,674,507.34,5.30%,"10,600","10,805.80",83.34%,"1,940","1,662.51",15.25%,"1,745","1,629.19",13.72%,"2,905","2,932.27",22.84%,"2,587","2,862.94",20.34%,"1,423","1,718.89",11.19%,847,"1,118.57",6.66%,259,383.78,2.04%,318,327.11,2.50%,21,18.27,0.17%
30-Oct-24,Farm 4,1.43,"13,310","19,036.75","13,232","14,992.45",79.08%,79.07%,13.24%,286,216.52,2.16%,"9,851","10,689.96",74.45%,735,631.96,5.55%,844,789.93,6.38%,"2,119","2,153.75",16.01%,"3,587","3,998.55",27.11%,"2,566","3,115.77",19.39%,"1,891","2,511.82",14.29%,665,990.03,5.03%,507,554.8,3.83%,32,29.32,0.24%
31-Oct-24,,#DIV/0!,,,-,-,,,,,,,-,-,,,,,,,,,,,,,,,,,,,,,,,,,,,,
1-Nov-24,,#DIV/0!,,,-,-,,,,,,,-,-,,,,,,,,,,,,,,,,,,,,,,,,,,,,
2-Nov-24,,#DIV/0!,,,-,-,,,,,,,-,-,,,,,,,,,,,,,,,,,,,,,,,,,,,,
3-Nov-24,Farm 5,1.57,"30,084","47,211.05","29,317","35,692.94",76.61%,76.61%,13.77%,"1,284",952.3,4.38%,"14,191","15,010.94",48.41%,"2,022","1,723.43",6.90%,"1,604","1,492.08",5.47%,"2,891","2,909.57",9.86%,"3,768","4,167.19",12.85%,"3,906","4,718.67",13.32%,"5,353","7,099.02",18.26%,"7,019","10,933.28",23.94%,"1,377","1,613.24",4.70%,93,84.16,0.32%